{"cameraMode":{"drawMode":0,"name":"Shaded","section":"Shading Mode"},"sceneLighting":true,"audioPlay":false,"sceneViewState":{"showFog":true,"showMaterialUpdate":true,"showSkybox":true,"showFlares":true,"showImageEffects":true,"showParticleSystems":true},"in2DMode":false,"pivot":{"x":6.451551914215088,"y":-7.438545227050781,"z":18.20608901977539},"rotation":{"x":0.21686948835849763,"y":0.0775088295340538,"z":-0.017276374623179437,"w":0.9729702472686768},"size":29.085630416870118,"orthographic":false}