{"cameraMode":{"drawMode":0,"name":"Shaded","section":"Shading Mode"},"sceneLighting":true,"audioPlay":false,"sceneViewState":{"showFog":true,"showMaterialUpdate":true,"showSkybox":true,"showFlares":true,"showImageEffects":true,"showParticleSystems":true},"in2DMode":false,"pivot":{"x":-0.47560930252075198,"y":-1.0107481479644776,"z":3.349536418914795},"rotation":{"x":0.21052685379981996,"y":-0.1532508134841919,"z":0.03345935046672821,"w":0.9649577736854553},"size":7.708765983581543,"orthographic":false}