{"cameraMode":{"drawMode":0,"name":"Shaded","section":"Shading Mode"},"sceneLighting":true,"audioPlay":false,"sceneViewState":{"showFog":true,"showMaterialUpdate":true,"showSkybox":true,"showFlares":true,"showImageEffects":true,"showParticleSystems":true},"in2DMode":false,"pivot":{"x":634.2832641601563,"y":378.9688720703125,"z":744.9334106445313},"rotation":{"x":0.01680883765220642,"y":0.0014953543432056904,"z":-0.000025142373488051817,"w":0.9998582601547241},"size":1751.8660888671875,"orthographic":false}