{"cameraMode":{"drawMode":0,"name":"Shaded","section":"Shading Mode"},"sceneLighting":true,"audioPlay":false,"sceneViewState":{"showFog":true,"showMaterialUpdate":true,"showSkybox":true,"showFlares":true,"showImageEffects":true,"showParticleSystems":true},"in2DMode":false,"pivot":{"x":-0.27707991003990176,"y":1.7955853939056397,"z":-2.2453598976135256},"rotation":{"x":0.12893816828727723,"y":0.0163571760058403,"z":-0.0021221095230430366,"w":0.9915575385093689},"size":4.489243030548096,"orthographic":false}