{"cameraMode":{"drawMode":0,"name":"Shaded","section":"Shading Mode"},"sceneLighting":true,"audioPlay":false,"sceneViewState":{"showFog":true,"showMaterialUpdate":true,"showSkybox":true,"showFlares":true,"showImageEffects":true,"showParticleSystems":true},"in2DMode":false,"pivot":{"x":4.364108562469482,"y":60.16606521606445,"z":-129.4111328125},"rotation":{"x":0.26070261001586916,"y":0.06221339851617813,"z":-0.01683686301112175,"w":0.9632768034934998},"size":3.8087656497955324,"orthographic":false}