{"cameraMode":{"drawMode":0,"name":"Shaded","section":"Shading Mode"},"sceneLighting":true,"audioPlay":false,"sceneViewState":{"showFog":true,"showMaterialUpdate":true,"showSkybox":true,"showFlares":true,"showImageEffects":true,"showParticleSystems":true},"in2DMode":false,"pivot":{"x":-16.25428009033203,"y":2.086477279663086,"z":-3.9896278381347658},"rotation":{"x":0.016156630590558053,"y":-0.06385261565446854,"z":-0.0010371787939220667,"w":-0.9978471994400024},"size":10.0,"orthographic":false}