{"cameraMode":{"drawMode":0,"name":"Shaded","section":"Shading Mode"},"sceneLighting":true,"audioPlay":false,"sceneViewState":{"showFog":true,"showMaterialUpdate":true,"showSkybox":true,"showFlares":true,"showImageEffects":true,"showParticleSystems":true},"in2DMode":false,"pivot":{"x":8.425284385681153,"y":-2.7316670417785646,"z":45.82414245605469},"rotation":{"x":0.046773891896009448,"y":0.0284604262560606,"z":-0.001334575586952269,"w":0.9985103607177734},"size":69.4897232055664,"orthographic":false}