{"cameraMode":{"drawMode":0,"name":"Shaded","section":"Shading Mode"},"sceneLighting":true,"audioPlay":false,"sceneViewState":{"showFog":true,"showMaterialUpdate":true,"showSkybox":true,"showFlares":true,"showImageEffects":true,"showParticleSystems":true},"in2DMode":false,"pivot":{"x":-14.722410202026368,"y":-7.280238151550293,"z":41.712162017822269},"rotation":{"x":0.09052418917417526,"y":-0.1576693207025528,"z":0.014515768736600876,"w":0.9832286238670349},"size":47.90605545043945,"orthographic":false}