{"cameraMode":{"drawMode":0,"name":"Shaded","section":"Shading Mode"},"sceneLighting":true,"audioPlay":false,"sceneViewState":{"showFog":true,"showMaterialUpdate":true,"showSkybox":true,"showFlares":true,"showImageEffects":true,"showParticleSystems":true},"in2DMode":false,"pivot":{"x":25.38178062438965,"y":-6.009885311126709,"z":28.434226989746095},"rotation":{"x":-0.1211075559258461,"y":-0.22950255870819093,"z":0.028871554881334306,"w":-0.9654233455657959},"size":39.65522003173828,"orthographic":false}