{"cameraMode":{"drawMode":0,"name":"Shaded","section":"Shading Mode"},"sceneLighting":true,"audioPlay":false,"sceneViewState":{"showFog":true,"showMaterialUpdate":true,"showSkybox":true,"showFlares":true,"showImageEffects":true,"showParticleSystems":true},"in2DMode":false,"pivot":{"x":623.8103637695313,"y":188.417724609375,"z":724.0369873046875},"rotation":{"x":0.05127418786287308,"y":-0.02247292548418045,"z":0.0011540913255885244,"w":0.9984315037727356},"size":1791.3671875,"orthographic":false}