{"cameraMode":{"drawMode":0,"name":"Shaded","section":"Shading Mode"},"sceneLighting":true,"audioPlay":false,"sceneViewState":{"showFog":true,"showMaterialUpdate":true,"showSkybox":true,"showFlares":true,"showImageEffects":true,"showParticleSystems":true},"in2DMode":false,"pivot":{"x":166.79588317871095,"y":-309.26116943359377,"z":-114.09783935546875},"rotation":{"x":0.3656127452850342,"y":0.06692636758089066,"z":-0.026368623599410058,"w":0.927987813949585},"size":3692.32421875,"orthographic":false}