{"cameraMode":{"drawMode":0,"name":"Shaded","section":"Shading Mode"},"sceneLighting":true,"audioPlay":false,"sceneViewState":{"showFog":true,"showMaterialUpdate":true,"showSkybox":true,"showFlares":true,"showImageEffects":true,"showParticleSystems":true},"in2DMode":false,"pivot":{"x":0.9976187944412231,"y":0.16791220009326936,"z":28.419692993164064},"rotation":{"x":0.02129766158759594,"y":0.031483244150877,"z":-0.0006713645998388529,"w":0.9992815256118774},"size":30.825305938720704,"orthographic":false}