{"cameraMode":{"drawMode":0,"name":"Shaded","section":"Shading Mode"},"sceneLighting":true,"audioPlay":false,"sceneViewState":{"showFog":true,"showMaterialUpdate":true,"showSkybox":true,"showFlares":true,"showImageEffects":true,"showParticleSystems":true},"in2DMode":false,"pivot":{"x":-0.2749999761581421,"y":1.0999999046325684,"z":0.0},"rotation":{"x":0.06925339996814728,"y":-0.005990130826830864,"z":0.0004154510097578168,"w":0.9975852966308594},"size":4.489243030548096,"orthographic":false}