{"cameraMode":{"drawMode":0,"name":"Shaded","section":"Shading Mode"},"sceneLighting":true,"audioPlay":false,"sceneViewState":{"showFog":true,"showMaterialUpdate":true,"showSkybox":true,"showFlares":true,"showImageEffects":true,"showParticleSystems":true},"in2DMode":false,"pivot":{"x":-16.089990615844728,"y":-17.50461196899414,"z":19.778440475463868},"rotation":{"x":0.3023929297924042,"y":-0.32158955931663515,"z":0.10921047627925873,"w":0.8906680345535278},"size":33.86199188232422,"orthographic":false}