{"cameraMode":{"drawMode":0,"name":"Shaded","section":"Shading Mode"},"sceneLighting":true,"audioPlay":false,"sceneViewState":{"showFog":true,"showMaterialUpdate":true,"showSkybox":true,"showFlares":true,"showImageEffects":true,"showParticleSystems":true},"in2DMode":false,"pivot":{"x":44.20930099487305,"y":-17.061546325683595,"z":-120.32054138183594},"rotation":{"x":0.15048322081565858,"y":0.7449531555175781,"z":-0.17946089804172517,"w":0.6246631145477295},"size":94.27771759033203,"orthographic":false}