{"cameraMode":{"drawMode":0,"name":"Shaded","section":"Shading Mode"},"sceneLighting":true,"audioPlay":false,"sceneViewState":{"showFog":true,"showMaterialUpdate":true,"showSkybox":true,"showFlares":true,"showImageEffects":true,"showParticleSystems":true},"in2DMode":false,"pivot":{"x":11.016361236572266,"y":-0.1922166347503662,"z":-1.308441162109375},"rotation":{"x":0.1886330097913742,"y":-0.5138300657272339,"z":0.1169791966676712,"w":0.8287531137466431},"size":7.523227214813232,"orthographic":false}