{"cameraMode":{"drawMode":0,"name":"Shaded","section":"Shading Mode"},"sceneLighting":true,"audioPlay":false,"sceneViewState":{"showFog":true,"showMaterialUpdate":true,"showSkybox":true,"showFlares":true,"showImageEffects":true,"showParticleSystems":true},"in2DMode":false,"pivot":{"x":229.3465576171875,"y":28.242172241210939,"z":522.522216796875},"rotation":{"x":0.06925339996814728,"y":-0.005990130826830864,"z":0.0004154510097578168,"w":0.9975852966308594},"size":901.7294921875,"orthographic":false}