{"cameraMode":{"drawMode":0,"name":"Shaded","section":"Shading Mode"},"sceneLighting":true,"audioPlay":false,"sceneViewState":{"showFog":true,"showMaterialUpdate":true,"showSkybox":true,"showFlares":true,"showImageEffects":true,"showParticleSystems":true},"in2DMode":false,"pivot":{"x":0.15288114547729493,"y":2.42169451713562,"z":28.56926727294922},"rotation":{"x":0.02129766158759594,"y":0.031483244150877,"z":-0.0006713645998388529,"w":0.9992815256118774},"size":43.670494079589847,"orthographic":false}