{"cameraMode":{"drawMode":0,"name":"Shaded","section":"Shading Mode"},"sceneLighting":true,"audioPlay":false,"sceneViewState":{"showFog":true,"showMaterialUpdate":true,"showSkybox":true,"showFlares":true,"showImageEffects":true,"showParticleSystems":true},"in2DMode":false,"pivot":{"x":478.754638671875,"y":220.78683471679688,"z":740.0805053710938},"rotation":{"x":0.01680883765220642,"y":0.0014953543432056904,"z":-0.000025142373488051817,"w":0.9998582601547241},"size":1326.297119140625,"orthographic":false}