{"cameraMode":{"drawMode":0,"name":"Shaded","section":"Shading Mode"},"sceneLighting":true,"audioPlay":false,"sceneViewState":{"showFog":true,"showMaterialUpdate":true,"showSkybox":true,"showFlares":true,"showImageEffects":true,"showParticleSystems":true},"in2DMode":false,"pivot":{"x":234.20660400390626,"y":124.05522155761719,"z":44.866424560546878},"rotation":{"x":0.046773891896009448,"y":0.0284604262560606,"z":-0.001334575586952269,"w":0.9985103607177734},"size":444.5312805175781,"orthographic":false}