{"cameraMode":{"drawMode":0,"name":"Shaded","section":"Shading Mode"},"sceneLighting":true,"audioPlay":false,"sceneViewState":{"showFog":true,"showMaterialUpdate":true,"showSkybox":true,"showFlares":true,"showImageEffects":true,"showParticleSystems":true},"in2DMode":false,"pivot":{"x":45.91840744018555,"y":-5.332542896270752,"z":15.311156272888184},"rotation":{"x":0.17788752913475038,"y":0.24651944637298585,"z":-0.04608653858304024,"w":0.9515621066093445},"size":21.98082160949707,"orthographic":false}